id,name,member_count,admin_count,bot_role,is_bot_admin,restrict,owner
120363424317895278@g.us,CSR Auto Alert,1,1,member,FALSE,FALSE,174955610247394@lid
120363409220972193@g.us,DWDM Auto Alert,1,1,member,FALSE,FALSE,174955610247394@lid
120363408383931070@g.us,TSS,1,1,member,FALSE,FALSE,187050691162165@lid
120363405163266251@g.us,OP OWS - PMT-CMT Developer,3,3,member,FALSE,FALSE,88459783999618@lid
120363163849571648@g.us,NOC and Region,2,2,member,FALSE,FALSE,151608184823875@lid
120363292906461361@g.us,Notif-01,1,1,member,FALSE,FALSE,92011520647361@lid
120363197698867260@g.us,ALERT_P2_KALSEL_KALTENG,2,2,member,FALSE,FALSE,62796834332716@lid
120363030333530113@g.us,ALERT_ALARM_PADANG_INNER,3,2,member,FALSE,FALSE,62796834332716@lid
120363216007480430@g.us,ALERT_P3_KAL_PLGKARAYA,3,1,member,FALSE,FALSE,62796834332716@lid
120363323868180167@g.us,CCH Modern Channel Alert,3,2,member,FALSE,FALSE,41773036511391@lid
120363047132316087@g.us,ALERT_ALARM_MUARA_BUNGO,3,2,member,FALSE,FALSE,62796834332716@lid
120363308010231793@g.us,VIP Proactive Experience Alert,3,2,member,FALSE,FALSE,41773036511391@lid
120363214098051559@g.us,ALERT_P3_KAL_BJM_OUTER,3,3,member,FALSE,FALSE,62796834332716@lid
120363197960518724@g.us,ALERT_P3_KALTIM_UTARA,4,4,member,FALSE,FALSE,62796834332716@lid
120363044910576950@g.us,ALERT_ALARM_SOLOK,4,3,member,FALSE,FALSE,62796834332716@lid
120363162785750243@g.us,P2_RM_JAM_SUMBAR,4,3,member,FALSE,FALSE,228170288607366@lid
120363163875990244@g.us,P3_RTS_SOLO,4,3,member,FALSE,FALSE,228170288607366@lid
120363197388392496@g.us,ALERT_P3_KAL_BJM_INNER,4,3,member,FALSE,FALSE,62796834332716@lid
120363145307138246@g.us,P2_RM_PLB_SS_OTR_BKL,4,3,member,FALSE,FALSE,228170288607366@lid
6287889523323-1507659338@g.us,My Notes,4,1,member,FALSE,FALSE,174955610247394@lid
120363197514054556@g.us,ALERT_P3_KALBAR,4,4,member,FALSE,FALSE,62796834332716@lid
120363143582884260@g.us,P2_RM_MLG_JBR,4,3,member,FALSE,FALSE,228170288607366@lid
120363370100397495@g.us,Alert Info,4,3,member,FALSE,FALSE,26877938954338@lid
120363163145276518@g.us,P3_RTS_BALI_OUT_GYR,4,3,member,FALSE,FALSE,228170288607366@lid
120363161439152978@g.us,P2_RM_JAKU_JAKT,4,3,member,FALSE,FALSE,228170288607366@lid
120363163273511487@g.us,P2_RM_DPS_SBW,4,3,member,FALSE,FALSE,228170288607366@lid
120363144231600820@g.us,P2_RM_KEPRI_RIDAR,4,3,member,FALSE,FALSE,228170288607366@lid
120363405801340901@g.us,Daily Dashboard Report,4,1,member,FALSE,FALSE,36163809202177@lid
120363146777018167@g.us,P3_RTS_SEMARANG,4,3,member,FALSE,FALSE,228170288607366@lid
120363321974918834@g.us,CCH Ticket Increment Alert,4,3,member,FALSE,FALSE,41773036511391@lid
120363161714329159@g.us,P3_RTS_SIDOARJO,4,3,member,FALSE,FALSE,228170288607366@lid
120363162495746862@g.us,P3_RTS_KUDUS,4,3,member,FALSE,FALSE,228170288607366@lid
120363415290882243@g.us,Lebaran Fesitve - 2025,4,3,member,FALSE,FALSE,41773036511391@lid
120363162468372641@g.us,P3_RTS_DENPASAR,4,3,member,FALSE,FALSE,228170288607366@lid
120363163580955112@g.us,P3_RTS_KEDIRI,4,3,member,FALSE,FALSE,228170288607366@lid
120363147654935858@g.us,P3_RTS_SUMBAWA,4,3,member,FALSE,FALSE,228170288607366@lid
120363164676991952@g.us,P3_RTS_MADIUN,4,3,member,FALSE,FALSE,228170288607366@lid
120363161782181501@g.us,P2_RM_JAKB_KBTG,5,4,member,FALSE,FALSE,228170288607366@lid
120363145409105731@g.us,ALERT_RTS_CIKARANG,5,4,member,FALSE,FALSE,null
120363161987115219@g.us,P2_RM_SULSEL_SULTRA,5,3,member,FALSE,FALSE,228170288607366@lid
120363161784971076@g.us,P2_RM_PDLB_SRCL,5,4,member,FALSE,FALSE,228170288607366@lid
120363161124994066@g.us,P2_RM_MTRM_LOMTIM,5,4,member,FALSE,FALSE,228170288607366@lid
120363144389069486@g.us,P2_RM_SULUT,5,3,member,FALSE,FALSE,228170288607366@lid
120363298604615288@g.us,PE Upstream BUSOL,5,3,member,FALSE,FALSE,174955610247394@lid
120363163104735751@g.us,P2_RM_GRT_MDN,5,3,member,FALSE,FALSE,228170288607366@lid
120363144885217281@g.us,P3_RTS_MJLKA_SMD,5,4,member,FALSE,FALSE,228170288607366@lid
120363164672887657@g.us,P2_RM_BSKB,5,4,member,FALSE,FALSE,228170288607366@lid
120363403832169887@g.us,Low Fuel Alert,6,1,member,FALSE,FALSE,227771175420146@lid
120363145441622501@g.us,ALERT_RTS_KARAWANG,6,4,member,FALSE,FALSE,null
120363195489908042@g.us,ALERT_P2_KALBAR_TIMUR,6,2,member,FALSE,FALSE,62796834332716@lid
120363402821164536@g.us,DownDetektor Test,6,1,member,FALSE,FALSE,173443664326721@lid
120363146412569855@g.us,ALERT_RTS_JAKARTA_UTARA,6,4,member,FALSE,FALSE,null
6287889523323-1622644467@g.us,TEST WA,6,3,member,FALSE,FALSE,174955610247394@lid
120363143437878130@g.us,ALERT_RTS_JAKARTA_TIMUR,6,4,member,FALSE,FALSE,null
120363162533330344@g.us,ALERT_RTS_BEKASI,6,4,member,FALSE,FALSE,null
120363167337266724@g.us,ALERT RIAU INNER_2,6,1,member,FALSE,FALSE,60425978818700@lid
120363144789021850@g.us,ALERT_RTS_JAKARTA_BARAT,6,3,member,FALSE,FALSE,null
120363161891226382@g.us,ALERT_RTS_DENPASAR,6,3,member,FALSE,FALSE,null
120363417213771624@g.us,Tester Notification iPaem,6,2,member,FALSE,FALSE,227771175420146@lid
120363058695502823@g.us,CSR Auto Alert_North,6,3,member,FALSE,FALSE,174955610247394@lid
120363143371109855@g.us,ALERT_RTS_SOLO,6,3,member,FALSE,FALSE,null
120363163274710626@g.us,P2_RM_BKS_CKRW,6,4,member,FALSE,FALSE,228170288607366@lid
120363030366078115@g.us,Power Alarm KAL,6,5,member,FALSE,FALSE,75780503638025@lid
120363403542967717@g.us,Testing,6,1,member,FALSE,FALSE,173443664326721@lid
120363400371706299@g.us,TOA HIGHRISK,6,3,member,FALSE,FALSE,188218385391747@lid
120363159427056195@g.us,ALERT_RTS_SUMBAWA,7,3,member,FALSE,FALSE,null
120363144290320335@g.us,P3_RTS_TEGAL,7,4,member,FALSE,FALSE,228170288607366@lid
120363258972437738@g.us,PRPO Test Group,7,3,member,FALSE,FALSE,51668523720920@lid
120363161014118372@g.us,ALERT_RTS-INDRAMAYU BINONG,7,4,member,FALSE,FALSE,null
120363231946640928@g.us,Monitoring PAMA SUM,7,4,member,FALSE,FALSE,174955610247394@lid
120363021849570579@g.us,FTTH Power Alert,7,3,member,FALSE,FALSE,132164783980603@lid
120363144055903617@g.us,ALERT_RTS_SEMARANG,7,3,member,FALSE,FALSE,null
6287870060004-1623899559@g.us,Automation - TEML,7,2,member,FALSE,FALSE,null
120363162405995463@g.us,ALERT_RTS_SURABAYA,7,4,member,FALSE,FALSE,null
120363163216010196@g.us,P3_RTS_PURWOKERTO,7,4,member,FALSE,FALSE,228170288607366@lid
120363144205773229@g.us,ALERT_RTS-PURWAKARTA_SUBANG,7,4,member,FALSE,FALSE,null
120363159677664049@g.us,P3_RTS_BANDUNG_1,7,4,member,FALSE,FALSE,228170288607366@lid
120363341483000641@g.us,CCH Complaint Alert,7,1,member,FALSE,FALSE,36163809202177@lid
120363143285553825@g.us,P3_RTS_BANDUNG_2,7,5,member,FALSE,FALSE,228170288607366@lid
120363375200959400@g.us,SF AUTIN WhatsApp (HW),7,2,member,FALSE,FALSE,50105189200009@lid
120363162420784713@g.us,P2_Central Java 1,7,4,member,FALSE,FALSE,228170288607366@lid
120363144410950086@g.us,P3_RTS_PKLNG_KBMN,7,4,member,FALSE,FALSE,228170288607366@lid
120363384457548824@g.us,PT MITRACOMM EKASARANA (Mitracomm),7,4,member,FALSE,FALSE,187342312726550@lid
120363164238534364@g.us,P2_RM_DPK_KTTS,7,5,member,FALSE,FALSE,228170288607366@lid
120363418540383698@g.us,New Monitoring WA,7,1,member,FALSE,FALSE,176192611209410@lid
120363306485714469@g.us,West Daily Tools Check,8,6,member,FALSE,FALSE,281213185056937@lid
120363421076234506@g.us,SF SmartCare_KQI Alert,8,2,member,FALSE,FALSE,174955610247394@lid
120363162904827272@g.us,P3_RTS_INDMY_SUBANG,8,4,member,FALSE,FALSE,228170288607366@lid
120363162517299853@g.us,P3_RTS_MAGELANG,8,3,member,FALSE,FALSE,228170288607366@lid
120363147437791853@g.us,P2_West Java 1,8,4,member,FALSE,FALSE,228170288607366@lid
120363384179686623@g.us,Direktorat Pengelolaan Informasi (Dukcapil),8,1,member,FALSE,FALSE,187342312726550@lid
120363403324598122@g.us,INDOSAT – DBS (DBS),8,4,member,FALSE,FALSE,187342312726550@lid
120363143192970701@g.us,ALERT_RTS_BOGOR_2,8,3,member,FALSE,FALSE,null
120363403219997613@g.us,PT Pamapersada Nusantara (Pamapersada),8,3,member,FALSE,FALSE,187342312726550@lid
120363147860872800@g.us,P3_RTS_WONOGIRI,8,3,member,FALSE,FALSE,228170288607366@lid
120363143713734540@g.us,Alert_ RTS CIANJUR PLERED,8,4,member,FALSE,FALSE,null
120363302288483183@g.us,West Daily Material Check,8,6,member,FALSE,FALSE,281213185056937@lid
120363400482239520@g.us,INDOSAT - AXA (AXA),8,4,member,FALSE,FALSE,187342312726550@lid
120363214445525458@g.us,Monitoring PAMA KAL,8,5,member,FALSE,FALSE,174955610247394@lid
120363364154699549@g.us,"Bank Mandiri Taspen, PT (Bank Mantap)",8,1,member,FALSE,FALSE,187342312726550@lid
120363147448430954@g.us,P3_RTS_BANDUNG_3,8,4,member,FALSE,FALSE,228170288607366@lid
120363383747826986@g.us,PT Lancar Jaya Network (Lancar Jaya),8,1,member,FALSE,FALSE,187342312726550@lid
120363163725549659@g.us,P3_RTS_CJR_PWK,8,4,member,FALSE,FALSE,228170288607366@lid
120363161795173699@g.us,P2_Central Java 3,8,5,member,FALSE,FALSE,228170288607366@lid
120363044906933119@g.us,ALERT RTS SUMSEL INNER1,8,3,member,FALSE,FALSE,218339091677285@lid
120363162495905638@g.us,P3_RTS_YOGYA,8,3,member,FALSE,FALSE,228170288607366@lid
120363162239454951@g.us,P2_RM_GNYR_BAL_OTR,8,4,member,FALSE,FALSE,228170288607366@lid
120363309010807321@g.us,IPN Alert,8,6,member,FALSE,FALSE,142060422193174@lid
120363367076131669@g.us,PT DCI Indonesia (DCI),8,1,member,FALSE,FALSE,187342312726550@lid
120363372210391884@g.us,PT Parsaoran Global Datatrans,8,4,member,FALSE,FALSE,250959284453586@lid
120363159068874382@g.us,ALERT_RTS_KUDUS,8,4,member,FALSE,FALSE,null
120363371929430253@g.us,BTS Hotel Massive NE Down,9,7,member,FALSE,FALSE,174955610247394@lid
120363160063535677@g.us,ALERT_RTS_MADURA,9,5,member,FALSE,FALSE,null
120363161668807397@g.us,ALERT_RTS_BOGOR_1,9,3,member,FALSE,FALSE,null
120363370835833939@g.us,PT.JARINGANKU SARANA NUSANTARA (JSN),9,4,member,FALSE,FALSE,250959284453586@lid
120363379621043696@g.us,Power & Hightemp Core Routers,9,3,member,FALSE,FALSE,174955610247394@lid
120363351568850016@g.us,PT SUMBER UTAMA FIBER INDONESIA,9,4,member,FALSE,FALSE,250959284453586@lid
8613428911950-1593312523@g.us,TSS - OSS Escalation,9,5,member,FALSE,FALSE,null
120363370906718740@g.us,PT Giga Digital Nusantara,9,4,member,FALSE,FALSE,250959284453586@lid
120363141656860446@g.us,ALERT_RTS_SUKABUMI,9,3,member,FALSE,FALSE,null
120363370806917798@g.us,PT Andira Infomedia,9,4,member,FALSE,FALSE,250959284453586@lid
120363371797722053@g.us,PT Bank Mandiri PERSERO (Mandiri),9,4,member,FALSE,FALSE,250959284453586@lid
120363142974844922@g.us,ALERT_RTS_SUMUT_IN2,9,4,member,FALSE,FALSE,null
120363302905093264@g.us,Jabo Daily Material Check,9,7,member,FALSE,FALSE,281213185056937@lid
120363162962660693@g.us,ALERT_RTS_PARE2,9,4,member,FALSE,FALSE,null
120363370662307351@g.us,PT Gayatri Lintas Nusantara,9,4,member,FALSE,FALSE,250959284453586@lid
120363369168967604@g.us,PT Hipernet Indodata,9,4,member,FALSE,FALSE,250959284453586@lid
8613428911950-1593326508@g.us,TSS - ProxyLite EMS Escalation,9,5,member,FALSE,FALSE,null
120363162641954915@g.us,P2_RM_MDRA_SBY,9,4,member,FALSE,FALSE,228170288607366@lid
120363352138991115@g.us,PT Adeaksa Indo Jayatama,9,4,member,FALSE,FALSE,250959284453586@lid
120363369049347376@g.us,PT Mitra Transaksi Indonesia,9,4,member,FALSE,FALSE,250959284453586@lid
6285977300189-1606898242@g.us,RO Notification [CENTRAL],9,3,member,FALSE,FALSE,80912888914036@lid
120363405851206171@g.us,OWS Router Potential Impact Power,9,1,member,FALSE,FALSE,173443664326721@lid
120363144444232558@g.us,ALERT_RTS_PANDEGLANG,9,4,member,FALSE,FALSE,null
120363142768602980@g.us,ALERT_RTS_MKS_UTR_PAPUA,9,4,member,FALSE,FALSE,null
120363322671523322@g.us,Jabo Daily Tools Check,9,7,member,FALSE,FALSE,199093292912787@lid
120363352803178894@g.us,PT Bestcamp Prima Data,9,4,member,FALSE,FALSE,250959284453586@lid
120363162083085042@g.us,P2_Central Java 2,10,5,member,FALSE,FALSE,228170288607366@lid
120363044578433322@g.us,ALERT RTS RIAU 3,10,4,member,FALSE,FALSE,218339091677285@lid
120363163170642867@g.us,P2_West Java 2,10,4,member,FALSE,FALSE,228170288607366@lid
120363085484038164@g.us,CyberArk-License-Monitoring,10,4,member,FALSE,FALSE,null
6287887116330-1622689467@g.us,TSS OWS,10,4,member,FALSE,FALSE,102752831172730@lid
120363162712560054@g.us,P2_West Java 3,10,5,member,FALSE,FALSE,228170288607366@lid
6287887116330-1633391224@g.us,TSS - Autohealing Escalation,10,6,member,FALSE,FALSE,102752831172730@lid
120363025185236833@g.us,ALERT RTS RIAU 1,10,3,member,FALSE,FALSE,218339091677285@lid
120363421276769243@g.us,Alert TT Customer Enterprise Summary,10,1,member,FALSE,FALSE,187342312726550@lid
6281995196980-1589359564@g.us,Site Enterprise,10,5,member,FALSE,FALSE,182785285328980@lid
120363163189714143@g.us,P2_RM_JAKP_JAKS,10,5,member,FALSE,FALSE,228170288607366@lid
120363146392924929@g.us,ALERT_RTS_PDGLNG_LEBAK,10,4,member,FALSE,FALSE,null
120363419626326084@g.us,Alert Site,10,5,member,FALSE,FALSE,105682669945085@lid
6285977300189-1606898316@g.us,RO Notification [WEST],10,4,member,FALSE,FALSE,80912888914036@lid
6285977300189-1606898285@g.us,RO Notification [EAST],10,4,member,FALSE,FALSE,80912888914036@lid
120363145705816274@g.us,P2_RM_GRT_SDJ_MDN,10,4,member,FALSE,FALSE,228170288607366@lid
120363368973241886@g.us,PT Bank Central Asia Tbk (Bank Central Asia / BCA),10,4,member,FALSE,FALSE,250959284453586@lid
120363145766997560@g.us,P3_RTS_CIAMIS_TSKMLY,10,4,member,FALSE,FALSE,228170288607366@lid
8613428911950-1593326190@g.us,TSS NIMS EMS,10,7,member,FALSE,FALSE,null
120363362777179185@g.us,Monitoring PMTCMT Dashboard (aiops) Data Missing,10,5,member,FALSE,FALSE,187398130507968@lid
120363145812227409@g.us,ALERT_RTS_TANGERANG_KAB,10,4,member,FALSE,FALSE,null
120363027976445121@g.us,ALERT RTS SUMSEL INNER2,11,4,member,FALSE,FALSE,218339091677285@lid
120363404232190241@g.us,Alert PT. TITAN JAYA SOLUSI (POLRI),11,2,member,FALSE,FALSE,187342312726550@lid
120363322392193266@g.us,North Daily Material Check,11,7,member,FALSE,FALSE,281213185056937@lid
120363046711530527@g.us,ALERT RTS BELITUNG,11,8,member,FALSE,FALSE,62796834332716@lid
120363401356604093@g.us,Alert FTTH Enterprise,11,5,member,FALSE,FALSE,167435088990340@lid
120363160774963805@g.us,ALERT_RTS_DEPOK,11,4,member,FALSE,FALSE,null
120363161533648627@g.us,ALERT_RTS_SUMUT_IN1,11,4,member,FALSE,FALSE,null
120363161498713682@g.us,ALERT_RTS_MKS_SEL_AMBON,11,6,member,FALSE,FALSE,null
120363291297626926@g.us,Enterprise Link Degradation,11,5,member,FALSE,FALSE,75780503638025@lid
120363025479545002@g.us,ALERT RTS RIAU 2,11,4,member,FALSE,FALSE,218339091677285@lid
120363356631343903@g.us,PT Bank HSBC Indonesia (HSBC),11,4,member,FALSE,FALSE,250959284453586@lid
8613428911950-1593326551@g.us,TSS - SmartCare EMS Escalation,11,5,member,FALSE,FALSE,null
120363163863853256@g.us,P2_RM_SMT_OTR_NAD,11,5,member,FALSE,FALSE,228170288607366@lid
120363027324285044@g.us,ALERT RTS RIAU OUTER_2,11,3,member,FALSE,FALSE,218339091677285@lid
120363369857941724@g.us,PT Bank BTPN Tbk (BTPN / SMBC),11,4,member,FALSE,FALSE,250959284453586@lid
6287887116330-1630515366@g.us,TSS S3,11,6,member,FALSE,FALSE,102752831172730@lid
120363142681495457@g.us,ALERT_RTS_LEBAK,11,4,member,FALSE,FALSE,null
120363285396195949@g.us,ALERT_RTS_GRT_LIMBNGAN,11,6,member,FALSE,FALSE,62796834332716@lid
120363322457578779@g.us,North Daily Tools Check,11,9,member,FALSE,FALSE,281213185056937@lid
120363353163254102@g.us,PT Bank BTPN Syariah Tbk,11,4,member,FALSE,FALSE,250959284453586@lid
120363145940070008@g.us,ALERT_RTS_SERANG_CILEGON,12,3,member,FALSE,FALSE,null
120363369826694798@g.us,PT Bank Permata Tbk (Permata),12,4,member,FALSE,FALSE,250959284453586@lid
120363047898439272@g.us,ALERT RTS BANGKA,12,8,member,FALSE,FALSE,62796834332716@lid
120363142606869392@g.us,ALERT_RTS_TANGKOT,12,3,member,FALSE,FALSE,null
120363423169116085@g.us,CGNAT Alert,12,1,member,FALSE,FALSE,151608184823875@lid
120363404887237427@g.us,"Multitech Infomedia, PT (Multitech)",12,4,member,FALSE,FALSE,187342312726550@lid
8613428911950-1600675508@g.us,TSS - PMT Escalation,12,6,member,FALSE,FALSE,null
6281932174607-1600823637@g.us,RO Notification [JABO],12,3,member,FALSE,FALSE,127105396424879@lid
120363323285720027@g.us,Central Daily Material Check,12,7,member,FALSE,FALSE,281213185056937@lid
120363142221275684@g.us,ALERT_RTS_BANDUNG_2,13,2,member,FALSE,FALSE,null
120363029148538840@g.us,ALERT_CSR_KBMN_PWKT_TGAL,13,4,member,FALSE,FALSE,62796834332716@lid
120363044157253839@g.us,ALERT RTS BENGKULU,13,4,member,FALSE,FALSE,218339091677285@lid
120363161405125018@g.us,ALERT_RTS_SULUT_MALUT,13,4,member,FALSE,FALSE,null
120363046104451142@g.us,ALERT RIAU OUTER 1,13,3,member,FALSE,FALSE,218339091677285@lid
120363022910680852@g.us,TSS ONMSi&Fecylium,13,7,member,FALSE,FALSE,102752831172730@lid
120363382908705390@g.us,"MEGA ACCESS PERSADA, PT. (Fiberstar)",13,4,member,FALSE,FALSE,187342312726550@lid
8613428911950-1593326462@g.us,TSS - In-House Server Escalation,13,6,member,FALSE,FALSE,null
120363421297975839@g.us,Alert PT. Jalin ATM M2M,13,1,member,FALSE,FALSE,187342312726550@lid
6287887116330-1622683845@g.us,TSS FSO,13,6,member,FALSE,FALSE,102752831172730@lid
120363151496681126@g.us,RTS_ALERT_GARUT_LIMBANGAN,13,4,member,FALSE,FALSE,228170288607366@lid
120363142041988202@g.us,XLSmart MS Dev-Ops Team,13,7,member,FALSE,FALSE,174955610247394@lid
120363424122829240@g.us,RAN OUTAGE ALERT,13,1,member,FALSE,FALSE,173443664326721@lid
120363419913288241@g.us,Potential Incident SF >40,13,6,member,FALSE,FALSE,75780503638025@lid
120363161037450890@g.us,ALERT_RTS_SUMUT_IN3,13,3,member,FALSE,FALSE,null
120363049291838082@g.us,Alert Complaint Ticket Hourly,13,5,member,FALSE,FALSE,174955610247394@lid
6287887116330-1606205393@g.us,TSS - FMT Collector Escalation,13,6,member,FALSE,FALSE,102752831172730@lid
120363215696252842@g.us,ALERT_RTS_KAL_PLGKARAYA,13,4,member,FALSE,FALSE,62796834332716@lid
120363401382076802@g.us,Potential Incident SF <40,13,6,member,FALSE,FALSE,75780503638025@lid
120363321690035373@g.us,Central Daily Tools Check,13,7,member,FALSE,FALSE,281213185056937@lid
120363161957153378@g.us,ALERT_RTS_SUMUT_IN4,13,4,member,FALSE,FALSE,null
120363353404415800@g.us,PT Bank Sinarmas (Sinarmas),14,4,member,FALSE,FALSE,250959284453586@lid
120363047167356847@g.us,ALERT RTS SUMSEL INNER3,14,5,member,FALSE,FALSE,218339091677285@lid
120363144754717159@g.us,ALERT_RTS_ACEH_2,14,6,member,FALSE,FALSE,null
120363141544527550@g.us,ALERT_RTS_TANGSEL,14,4,member,FALSE,FALSE,null
8613428911950-1593326245@g.us,TSS - Infinera EMS Escalation,14,6,member,FALSE,FALSE,null
120363161552497797@g.us,ALERT_RTS_SUMUT_OUT3,14,4,member,FALSE,FALSE,null
120363145808366812@g.us,ALERT_RTS_SUL_TANGRA,14,5,member,FALSE,FALSE,null
120363384108305638@g.us,PT Starlink Services Indonesia (Space-X),14,6,member,FALSE,FALSE,187342312726550@lid
8613428911950-1593326049@g.us,TSS - Power EMS Escalation,14,6,member,FALSE,FALSE,null
120363045401845088@g.us,NPM Automation,14,6,member,FALSE,FALSE,271575211343935@lid
120363203464932138@g.us,Alert Stolen GRT MDN & SMT OTR NAD,14,4,member,FALSE,FALSE,174955610247394@lid
6592975187-1632110800@g.us,DWDM Fiber Optics Auto-TT Rule,14,6,member,FALSE,FALSE,80131322339430@lid
120363028228863807@g.us,ALERT CCSI KEPRI INNER,14,3,member,FALSE,FALSE,218339091677285@lid
120363312402924907@g.us,TSS - Onmicom Escalation,14,5,member,FALSE,FALSE,102752831172730@lid
120363143683756525@g.us,ALERT_RTS_JAKARTA_PUSAT,14,5,member,FALSE,FALSE,null
120363161244553522@g.us,P3_RTS_CRBN_KGN,14,4,member,FALSE,FALSE,228170288607366@lid
120363163937850232@g.us,P2_RM_NTT,15,3,member,FALSE,FALSE,228170288607366@lid
120363413102688983@g.us,Southern Sumatera_PLM Patrol Alert,15,8,member,FALSE,FALSE,63346674032672@lid
120363143614502491@g.us,ALERT_RTS_BANDUNG_1,15,2,member,FALSE,FALSE,null
120363317687656642@g.us,Automated ECCS,15,9,member,FALSE,FALSE,281423588130991@lid
6281315055517-1630295799@g.us,TSS - Landing Server Escalation,15,5,member,FALSE,FALSE,null
6281219000443-1616767950@g.us,SDMT TT Testing Group,15,4,member,FALSE,FALSE,null
120363401256481616@g.us,Packet-Loss C/AG <> PAG,15,8,member,FALSE,FALSE,57591233294493@lid
120363143326546234@g.us,C5-ALERT_RTS_CIAMIS_TSKMLY,15,3,member,FALSE,FALSE,null
120363214731525706@g.us,ALERT_RTS_KALTIM_UTARA,15,3,member,FALSE,FALSE,62796834332716@lid
120363424089337751@g.us,VIP ALERT REALTIME,15,2,member,FALSE,FALSE,173443664326721@lid
120363370330128970@g.us,PT Bank CIMB Niaga Tbk (CIMB Niaga),15,4,member,FALSE,FALSE,250959284453586@lid
120363027777018541@g.us,ALERT KEPRI OUTER,15,5,member,FALSE,FALSE,218339091677285@lid
8613428911950-1593325886@g.us,TSS - NCE DWDM Escalation,15,6,member,FALSE,FALSE,null
6287887116330-1609226925@g.us,TSS - UMBOSS EMS Escalation,15,6,member,FALSE,FALSE,102752831172730@lid
120363142960941048@g.us,C5-ALERT_RTS_CRBN_KGN,15,5,member,FALSE,FALSE,null
120363159828911473@g.us,ALERT_RTS_SUMUT_OUT1,15,5,member,FALSE,FALSE,null
8613428911950-1593326403@g.us,TSS  - NCE IP Escalation,15,6,member,FALSE,FALSE,null
120363367171782661@g.us,Power Critical NE JABO,15,10,member,FALSE,FALSE,216393454735400@lid
120363021382281461@g.us,Developer Kata NYA,15,4,member,FALSE,FALSE,213386893783050@lid
120363143855199048@g.us,ALERT_RTS_SUMUT_OUT2,15,5,member,FALSE,FALSE,null
6281315055517-1622651068@g.us,TSS - EPNM Escalation,15,6,member,FALSE,FALSE,null
120363161951360452@g.us,ALERT_RTS_TEGAL,15,4,member,FALSE,FALSE,null
120363370679255423@g.us,PT Bank Negara Indonesia (Persero) Tbk (BNI),15,4,member,FALSE,FALSE,250959284453586@lid
120363143626408693@g.us,ALERT_RTS_PURWOKERTO,15,4,member,FALSE,FALSE,null
120363394558922370@g.us,East Java_PLM Patrol Alert,15,6,member,FALSE,FALSE,63346674032672@lid
120363142623884801@g.us,ALERT_RTS_LOMBOK_TIMUR,16,4,member,FALSE,FALSE,null
120363412347153672@g.us,West Java_PLM Patrol Alert,16,5,member,FALSE,FALSE,63346674032672@lid
6287887116330-1627437243@g.us,TSS - NCE MW Escalation,16,6,member,FALSE,FALSE,102752831172730@lid
120363411888487957@g.us,South Central Kalimantan_PLM Patrol Alert,16,6,member,FALSE,FALSE,63346674032672@lid
6287884005040-1602499188@g.us,BO TRM WA Auto Alerts,16,3,member,FALSE,FALSE,null
120363143433127669@g.us,C5-ALERT_RTS_MJLKA_SMD,16,5,member,FALSE,FALSE,null
120363195965196302@g.us,ALERT_RTS_KALBAR,16,5,member,FALSE,FALSE,62796834332716@lid
120363412255813976@g.us,Northern Sumatera_PLM Patrol Alert,16,6,member,FALSE,FALSE,63346674032672@lid
8613428911950-1593312753@g.us,TSS -  Huawei EMS Escalation,16,6,member,FALSE,FALSE,null
120363030217822784@g.us,ALERT RTS JAMBI MUARA BUNGO,16,5,member,FALSE,FALSE,62796834332716@lid
6287887116330-1609226838@g.us,TSS File Missing & Data Stop,16,6,member,FALSE,FALSE,102752831172730@lid
6281219000443-1615974376@g.us,WA SERVICE MONITORING,16,6,member,FALSE,FALSE,null
6287887116330-1610423003@g.us,TSS - FTTH Escalation,16,9,member,FALSE,FALSE,102752831172730@lid
120363402714582942@g.us,CRC Dashboard Verification,16,4,member,FALSE,FALSE,30928227291363@lid
120363337311651572@g.us,TR Delay Escalation,16,2,member,FALSE,FALSE,174955610247394@lid
120363142801083611@g.us,ALERT_RTS_MALANG,16,6,member,FALSE,FALSE,null
120363043509571421@g.us,TSS - ZTE EMS Escalation,16,7,member,FALSE,FALSE,102752831172730@lid
120363400049027196@g.us,Group Testing Notif WA,16,7,member,FALSE,FALSE,173443664326721@lid
120363405012293884@g.us,OP OWS - PMT-CMT Developer,16,3,member,FALSE,FALSE,88459783999618@lid
120363398364497821@g.us,Bali Nusra_PLM Patrol Alert,17,6,member,FALSE,FALSE,63346674032672@lid
8613428911950-1593325990@g.us,TSS - Ericsson EMS Escalation,17,6,member,FALSE,FALSE,null
120363393836771278@g.us,Sulawesi_PLM Patrol Alert,17,4,member,FALSE,FALSE,63346674032672@lid
120363164170077663@g.us,P2_RM_LAM_BABEL,17,7,member,FALSE,FALSE,228170288607366@lid
120363418433868763@g.us,Power & Genset Alarm Increasing Alert,17,6,member,FALSE,FALSE,228170288607366@lid
8613428911950-1593326351@g.us,TSS - NOKIA EMS Escalation,17,6,member,FALSE,FALSE,null
120363403328465045@g.us,LinkNet (LinkNet),17,3,member,FALSE,FALSE,187342312726550@lid
120363325100204507@g.us,VIP Roaming Alert,17,2,member,FALSE,FALSE,41773036511391@lid
120363027588307768@g.us,ALERT RTS LAMPUNG INNER,17,5,member,FALSE,FALSE,62796834332716@lid
120363212026956491@g.us,TSS - NetAct Escalation,17,6,member,FALSE,FALSE,102752831172730@lid
120363419996246707@g.us,NOTIF BOD Visit/VIP Sitelist,18,4,member,FALSE,FALSE,151608184823875@lid
120363144779197820@g.us,ALERT_RTS_MATARAM,18,4,member,FALSE,FALSE,null
120363313241536548@g.us,Public OWS Dev Team,18,7,member,FALSE,FALSE,199093292912787@lid
120363029453374812@g.us,ALERT RTS LAMPUNG OUT2,18,7,member,FALSE,FALSE,62796834332716@lid
120363324708516269@g.us,East Daily Material Check,18,7,member,FALSE,FALSE,281213185056937@lid
120363369822905409@g.us,Power Critical NE WEST,18,9,member,FALSE,FALSE,216393454735400@lid
62817737969-1575340217@g.us,XL Network Security Ops,18,8,member,FALSE,FALSE,235884033106131@lid
6287884005040-1602499439@g.us,BO RAN WA Auto Alerts,18,5,member,FALSE,FALSE,null
120363160930108825@g.us,ALERT_RTS_BALI_OUT_GYR,18,4,member,FALSE,FALSE,null
120363296635441775@g.us,CNAP LATENCY TEST,18,4,member,FALSE,FALSE,174955610247394@lid
120363323706044066@g.us,East Daily Tools Check,18,7,member,FALSE,FALSE,281213185056937@lid
120363144672142184@g.us,ALERT_RTS_ACEH_1,18,5,member,FALSE,FALSE,null
120363026475442378@g.us,Auto Metric/Takeout Trunk,18,4,member,FALSE,FALSE,108405041668224@lid
120363159899125966@g.us,ALERT_RTS_WONOGIRI,18,4,member,FALSE,FALSE,null
120363158790287803@g.us,ALERT_RTS_SULTENGGO,18,4,member,FALSE,FALSE,null
6281315055517-1622651022@g.us,TSS - VAS EMS Escalation,19,6,member,FALSE,FALSE,null
120363163459075798@g.us,ALERT_RTS_SIDOARJO,19,4,member,FALSE,FALSE,null
120363412621527266@g.us,Central Java_PLM Patrol Alert,19,6,member,FALSE,FALSE,63346674032672@lid
120363163051523388@g.us,ALERT_RTS_MADIUN,19,3,member,FALSE,FALSE,null
120363301906330424@g.us,Monitoring DWDM ISAT AXA,19,6,member,FALSE,FALSE,174955610247394@lid
120363223806066530@g.us,FTTH Ticket Complaint Alert (Lama),19,4,member,FALSE,FALSE,null
120363402097662432@g.us,Data Alert Partner FTTH,19,2,member,FALSE,FALSE,105682669945085@lid
120363144679659110@g.us,ALERT_RTS_BANDUNG_3,19,4,member,FALSE,FALSE,null
120363385617138301@g.us,Bank Rakyat Indonesia (BRI),19,4,member,FALSE,FALSE,187342312726550@lid
120363368707629169@g.us,Power Critical NE CENTRAL,19,9,member,FALSE,FALSE,216393454735400@lid
120363366862802727@g.us,Power Critical NE NORTH,19,9,member,FALSE,FALSE,216393454735400@lid
62817890654-1606199421@g.us,🕵️‍♂️PMT Alarm Batt STOLEN🕵️‍♂️,19,6,member,FALSE,FALSE,188639359291562@lid
8613428911950-1593326292@g.us,TSS - NEC EMS Escalation,19,5,member,FALSE,FALSE,null
120363315666904465@g.us,IMIP Service Degradation Ticket,19,4,member,FALSE,FALSE,null
120363402290275610@g.us,Alert Fibercut Notes Update,20,1,member,FALSE,FALSE,187342312726550@lid
120363402669055458@g.us,Downdetector Alert,20,1,member,FALSE,FALSE,27294735323195@lid
120363401362036490@g.us,WPL & TWAMP Alerting,20,2,member,FALSE,FALSE,152703317581855@lid
120363403053544570@g.us,Auto Correl WA Bad Call Experience,20,1,member,FALSE,FALSE,79611648045139@lid
120363420318994284@g.us,ALERT Last TTI VIP SITE,20,3,member,FALSE,FALSE,79611648045139@lid
8613428911950-1593324864@g.us,TSS - MPLS Escalation,20,7,member,FALSE,FALSE,null
120363419686014131@g.us,Checking WA Bot,20,3,member,FALSE,FALSE,173443664326721@lid
6287888000800-1585188398@g.us,Tools Operation Team & FMT Team👍🏻,21,4,member,FALSE,FALSE,146656053964832@lid
120363392088338423@g.us,Auto TT XLSMART Test,21,11,member,FALSE,FALSE,124064442118368@lid
120363423892867187@g.us,ALERT_RTS_MAGELANG,21,2,member,FALSE,FALSE,251015253233818@lid
62817712519-1602293850@g.us,BO IN-VAS WA Auto Alerts,21,9,member,FALSE,FALSE,182630632943740@lid
120363026689942198@g.us,Unbalance alarm auto,22,8,member,FALSE,FALSE,null
6287888990059-1617792905@g.us,Verification New OLA EJBN,22,3,member,FALSE,FALSE,58613569687681@lid
120363160286997661@g.us,ALERT_RTS_GROBOGAN,22,6,member,FALSE,FALSE,null
120363317470153492@g.us,IKN HUTRI Cross Domain,22,12,member,FALSE,FALSE,62796834332716@lid
120363309809698995@g.us,Alert PAMA  Cross-Domain,22,9,member,FALSE,FALSE,62796834332716@lid
120363398217706866@g.us,OWS SF Power & High Temp,22,8,member,FALSE,FALSE,27294735323195@lid
120363396010030105@g.us,Jabo Outer_PLM Patrol Alert,22,7,member,FALSE,FALSE,63346674032672@lid
120363403108450034@g.us,XLSMART Tools Operation,23,1,member,FALSE,FALSE,151608184823875@lid
120363068987802935@g.us,Monitoring PAMA,23,4,member,FALSE,FALSE,null
120363411223030493@g.us,Jabo Inner_PLM Patrol Alert,23,7,member,FALSE,FALSE,63346674032672@lid
120363212649122032@g.us,ALERT_RTS_KAL_BJM_OUTER,23,3,member,FALSE,FALSE,62796834332716@lid
120363274410436871@g.us,NE Down Increasing Alert,23,10,member,FALSE,FALSE,36163809202177@lid
120363204746286317@g.us,CRC and Packet Loss FTTH,23,10,member,FALSE,FALSE,75780503638025@lid
120363421925829858@g.us,RHOMA - ALERT GOLDEN ROUTE VISION,24,5,member,FALSE,FALSE,79611648045139@lid
120363417213770057@g.us,MOCN Cell n Site Down >12 Hours,24,4,member,FALSE,FALSE,75780503638025@lid
120363142351759445@g.us,ALERT_RTS_NTT,24,4,member,FALSE,FALSE,null
120363407556155798@g.us,FLP Escalation,24,3,member,FALSE,FALSE,229810982920376@lid
120363400874452971@g.us,NE Down vs Power Alarm,24,8,member,FALSE,FALSE,75780503638025@lid
120363140840854226@g.us,ALERT_RTS_JAKSEL,24,4,member,FALSE,FALSE,null
120363422700269381@g.us,ANI - Automatic Network Intellegent,24,1,member,FALSE,FALSE,79611648045139@lid
120363345681459217@g.us,100GE Link Flap,24,3,member,FALSE,FALSE,174955610247394@lid
628197867777-1613801979@g.us,XL.HS Leader BKSI CKRW,25,7,member,FALSE,FALSE,null
6281226480192-1617612246@g.us,Verification New OLA NS and SS,25,3,member,FALSE,FALSE,72168486481950@lid
120363421394109557@g.us,VIP CELL DOWN ALERT,25,6,member,FALSE,FALSE,55375097286696@lid
62817712519-1614322632@g.us,FTTH Auto Alert,25,11,member,FALSE,FALSE,182630632943740@lid
120363163792993062@g.us,ALERT_RTS_JEMBER,25,7,member,FALSE,FALSE,null
120363371962962368@g.us,Alert SFP Removed,26,16,member,FALSE,FALSE,62796834332716@lid
62818753428-1627526766@g.us,RSL & IPAM Discussion,26,6,member,FALSE,FALSE,75780503638025@lid
120363406021179493@g.us,Alert Site Enterprise,26,4,member,FALSE,FALSE,79611648045139@lid
120363418047871893@g.us,⚠️ Tools Data Alert,26,11,member,FALSE,FALSE,161233223323880@lid
120363219767676207@g.us,Vlan enterprise alert dev,26,8,member,FALSE,FALSE,265867233337534@lid
120363142764501343@g.us,ALERT_RTS_KEDIRI,26,5,member,FALSE,FALSE,null
120363049966858564@g.us,VVIP Proactive - ALERT P1,27,6,member,FALSE,FALSE,79611648045139@lid
120363216425458855@g.us,XL TEHNIS ft. HELIUM (NEW),27,10,member,FALSE,FALSE,1967329955840@lid
120363414118349731@g.us,100G Port No Traffic,27,8,member,FALSE,FALSE,75780503638025@lid
120363419042780501@g.us,POI XL-SF Latency alert,27,6,member,FALSE,FALSE,224270542233777@lid
6287778483057-1573218628@g.us,MLM - XL Busol,27,7,member,FALSE,FALSE,null
120363367811617812@g.us,Power Critical NE EAST,27,11,member,FALSE,FALSE,216393454735400@lid
120363424073259054@g.us,Wallet Garden 1.0,28,2,member,FALSE,FALSE,79611648045139@lid
120363029005099640@g.us,ALERT RTS LAMPUNG OUT1,28,8,member,FALSE,FALSE,62796834332716@lid
120363333264944392@g.us,XL OWS Drive and Home,28,12,member,FALSE,FALSE,null
120363407857116165@g.us,VVIP COVERAGE SURVEILANCE,28,1,member,FALSE,FALSE,79611648045139@lid
120363193568697099@g.us,FTTH Potential Alert,28,5,member,FALSE,FALSE,75780503638025@lid
120363405497908836@g.us,MOCN Anomaly,28,1,member,FALSE,FALSE,173443664326721@lid
120363039719025134@g.us,Core Degradation Alert,29,11,member,FALSE,FALSE,16346729439343@lid
120363046883730934@g.us,ALERT RTS SUMBAR,29,7,member,FALSE,FALSE,62796834332716@lid
120363307659090303@g.us,Operational Service KAF Samarinda - XL,29,10,member,FALSE,FALSE,75780503638025@lid
120363195687328184@g.us,ALERT_RTS_KAL_BJM_INNER,29,3,member,FALSE,FALSE,62796834332716@lid
120363072434066921@g.us,Key-WA Auto Alert North,29,11,member,FALSE,FALSE,174955610247394@lid
120363027135092348@g.us,CSR Auto Alert_Jabo,29,13,member,FALSE,FALSE,63346674032672@lid
120363161192665861@g.us,ALERT_RTS_YOGYA,29,6,member,FALSE,FALSE,null
120363044958448132@g.us,Alert Potential Incident,29,9,member,FALSE,FALSE,75780503638025@lid
120363402837964243@g.us,Alerting TT  Incident Command Center,29,7,member,FALSE,FALSE,187342312726550@lid
120363407624078274@g.us,Garuda Eyes OSP Escalation,29,16,member,FALSE,FALSE,281213185056937@lid
120363386040981934@g.us,VOCUS (VOCUS),29,4,member,FALSE,FALSE,187342312726550@lid
120363042930574686@g.us,AMS BCM Group Discussion,30,4,member,FALSE,FALSE,166232498135167@lid
120363041420009643@g.us,⛑️ Catastrophe Call,30,8,member,FALSE,FALSE,17824282075323@lid
120363163320120603@g.us,ALERT_RTS_KEBUMEN,30,6,member,FALSE,FALSE,null
120363404405856969@g.us,Alert LN2A,30,5,member,FALSE,FALSE,105682669945085@lid
120363043292231915@g.us,Lease Capacity Alert,31,8,member,FALSE,FALSE,75780503638025@lid
120363299088914622@g.us,STARLINK <> XL OPERATION ISSUE,31,6,member,FALSE,FALSE,19739854270654@lid
120363079099203267@g.us,XLSMART - PT Gayatri Project & Aftersales Only,31,9,member,FALSE,FALSE,249438832480409@lid
6287791081691-1617796322@g.us,Verification New OLA CJ and WJ,31,4,member,FALSE,FALSE,165442207367414@lid
120363166400256921@g.us,OLT Alert Internal (Critical Only),32,10,member,FALSE,FALSE,174955610247394@lid
120363044547241414@g.us,ALERT_CSR_JAM_SUMBAR,32,7,member,FALSE,FALSE,62796834332716@lid
120363390044894204@g.us,Bengkel FTTH Alert,32,7,member,FALSE,FALSE,167435088990340@lid
120363297291756890@g.us,Network - Jakarta Southern,32,10,member,FALSE,FALSE,83734699188296@lid
120363423093944950@g.us,Albatros GOLF Surveillance,32,1,member,FALSE,TRUE,201013227184330@lid
6287875588807-1541403984@g.us,C - CIPURBAYU,33,8,member,FALSE,FALSE,9960180183169@lid
120363371334490472@g.us,VIP FTTH Down,33,4,member,FALSE,FALSE,132164783980603@lid
120363404751731188@g.us,[INT] G.R Alert Handling,34,7,member,FALSE,FALSE,230274721923092@lid
120363299664734622@g.us,Monitoring DWDM Cust Link Faulty,34,5,member,FALSE,FALSE,174955610247394@lid
120363143428666336@g.us,Alarm System Integration Iforte-XL,35,10,member,FALSE,FALSE,188510443159656@lid
120363347016826852@g.us,FLP Rangers Central,35,11,member,FALSE,FALSE,196254403457094@lid
120363403339095830@g.us,Link UP but ISIS Down,35,5,member,FALSE,FALSE,75780503638025@lid
120363024327642181@g.us,BAROKAHNET | XLSMART,36,10,member,FALSE,FALSE,280186503348457@lid
120363395444857051@g.us,Central Sumatera_PLM Patrol Alert,36,8,member,FALSE,FALSE,63346674032672@lid
120363420630590043@g.us,KEA JKT Banjarmasin,36,11,member,FALSE,FALSE,147214517170212@lid
120363422112326010@g.us,Critical Alert - MPLS Router Juniper,37,9,member,FALSE,FALSE,41240359874706@lid
120363044750918988@g.us,IM & PM,37,9,member,FALSE,FALSE,275066935873693@lid
120363025294677716@g.us,CSR Auto Alert_Central,38,14,member,FALSE,FALSE,63346674032672@lid
120363412073473599@g.us,West East Kalimantan_PLM Patrol Alert,38,9,member,FALSE,FALSE,63346674032672@lid
120363298607222076@g.us,CNAP Performance and Utilization,38,11,member,FALSE,FALSE,75780503638025@lid
120363249812500338@g.us,Load Balance per Packet,38,10,member,FALSE,FALSE,75780503638025@lid
6287870000665-1577349723@g.us,VVIP Proactive - ALERT,38,9,member,FALSE,FALSE,null
120363401652141291@g.us,🚨LICENSE ‼️,38,3,member,FALSE,FALSE,161233223323880@lid
120363422613880426@g.us,Iron Duck Project,40,1,member,FALSE,TRUE,201013227184330@lid
120363039903876060@g.us,DWDM Auto Alert_Jabo,40,13,member,FALSE,FALSE,63346674032672@lid
120363043960730676@g.us,CSR Auto Alert_East,40,8,member,FALSE,FALSE,63346674032672@lid
120363317988311573@g.us,DWDM Auto Alert_North,41,13,member,FALSE,FALSE,174955610247394@lid
120363296237117630@g.us,Network - Jakarta Banten,41,12,member,FALSE,FALSE,83734699188296@lid
120363424548832575@g.us,MARCONI-XL# Bad WA Call Experience,42,6,member,FALSE,FALSE,79611648045139@lid
120363399576321834@g.us,POI XL-SF Link CRC Error,42,3,member,FALSE,FALSE,224270542233777@lid
120363028185818938@g.us,Potential Incident 80,43,17,member,FALSE,FALSE,75780503638025@lid
120363169484436635@g.us,Incident Notification for CEH,43,5,member,FALSE,FALSE,248335126499555@lid
6287820729342-1622630581@g.us,Verification New OLA JABO,43,10,member,FALSE,FALSE,16437007650834@lid
120363040780461473@g.us,DWDM Auto Alert_East,43,8,member,FALSE,FALSE,63346674032672@lid
6287870060004-1631848057@g.us,BSC/RNC Down - Internal,44,8,member,FALSE,FALSE,null
120363070685923329@g.us,SALES - NETWORK : KALTIMTARA,44,9,member,FALSE,FALSE,29880137842757@lid
120363042746855459@g.us,DWDM Auto Alert_Central,44,9,member,FALSE,FALSE,63346674032672@lid
120363070522482469@g.us,NETWORK QUALITY • KALSEL,45,12,member,FALSE,FALSE,29880137842757@lid
6287889523323-1589085782@g.us,Key-WA Auto Alert Central,45,10,member,FALSE,FALSE,174955610247394@lid
120363346337547807@g.us,Morowali Issue Internal,45,6,member,FALSE,FALSE,159537030017067@lid
120363308257522183@g.us,FTTH Ticket Complaint Alert,45,6,member,FALSE,FALSE,36163809202177@lid
6281807946649-1604547191@g.us,VIP FTTH,45,7,member,FALSE,FALSE,217368345182453@lid
6285960245518-1595214619@g.us,FTTH Automation,45,11,member,FALSE,FALSE,168925409095776@lid
120363420200773799@g.us,FTTH-Network XLS [FM-XLSATU],45,3,member,FALSE,FALSE,56831275733168@lid
6287889523323-1589085976@g.us,Key-WA Auto Alert East,46,10,member,FALSE,FALSE,174955610247394@lid
120363402802856921@g.us,Marconi SF#-WA Bad Call Experience Alert,46,3,member,FALSE,FALSE,79611648045139@lid
6281911290791-1594370003@g.us,Auto Heal COREVAS,46,10,member,FALSE,FALSE,94300402655302@lid
120363419814575271@g.us,Monitoring SmartCare_KQI Alert,47,8,member,FALSE,FALSE,174955610247394@lid
120363227884797973@g.us,Alert Enterprise Port No Traffic,47,10,member,FALSE,FALSE,75780503638025@lid
120363393550804370@g.us,Trial P3 TT INCM - NOC,48,8,member,FALSE,FALSE,97259752575211@lid
120363419632044051@g.us,Power and Site Down Area Berau (SF),48,4,member,FALSE,FALSE,106682826907782@lid
120363260006246808@g.us,East Stolen Alert,48,2,member,FALSE,FALSE,174955610247394@lid
120363021756773591@g.us,DWDM Auto Alert_West,50,10,member,FALSE,FALSE,63346674032672@lid
120363068942846484@g.us,NETWORK QUALITY • KALBAR,50,11,member,FALSE,FALSE,29880137842757@lid
120363026681490358@g.us,CSR Auto Alert_West,51,11,member,FALSE,FALSE,63346674032672@lid
120363046519746983@g.us,RTS AREA BATURAJA-OKI,51,6,member,FALSE,FALSE,218339091677285@lid
62818753428-1632398972@g.us,Internal Ops Coordination,51,10,member,FALSE,FALSE,75780503638025@lid
120363402557720994@g.us,XLSMART-MS Huawei Reg SS,52,4,member,FALSE,FALSE,256104672022689@lid
120363208479627259@g.us,IMIP + MS MOROWALI XL Axiata,53,6,member,FALSE,FALSE,150590210470019@lid
120363044076424313@g.us,RTS AREA BENGKULU LUBUK LINGGAU,53,10,member,FALSE,FALSE,218339091677285@lid
120363279552791385@g.us,NETWORK - DKI JAKARTA,53,17,member,FALSE,FALSE,83734699188296@lid
6287875588807-1541398159@g.us,WJ2 - Sales dan Network,54,13,member,FALSE,FALSE,9960180183169@lid
120363198806367425@g.us,Preventive Complaint VVIP,56,10,member,FALSE,FALSE,79611648045139@lid
120363135565481609@g.us,OLT Alert Monitoring,58,12,member,FALSE,FALSE,75780503638025@lid
120363025200688771@g.us,West DWDM-Genset alert,59,8,member,FALSE,FALSE,182630632943740@lid
120363401736802413@g.us,P2/P3 Multi Site CENTRAL,59,13,member,FALSE,FALSE,75780503638025@lid
120363052866528932@g.us,NETWORK QUALITY • KALTENG AREA,59,13,member,FALSE,FALSE,29880137842757@lid
120363418424970167@g.us,XLSMART-MS Huawei Reg NS,59,10,member,FALSE,FALSE,69685861179505@lid
120363221741692081@g.us,Verification New OLA KALIMANTAN and SULAMPAPUA,61,4,member,FALSE,FALSE,58613569687681@lid
120363422279791799@g.us,Core-DC Alert,64,3,member,FALSE,FALSE,58630732796032@lid
6287771788078-1586687335@g.us,Key-WA Auto Alert Jabo,65,17,member,FALSE,FALSE,168053480378619@lid
6287777110888-1580736474@g.us,Key-WA Auto Alert West,66,10,member,FALSE,FALSE,112090106855626@lid
120363329423445606@g.us,SCTP Packet Loss Alert,66,15,member,FALSE,FALSE,75780503638025@lid
6281930369928-1525929290@g.us,TS SME CEM Club,70,8,member,FALSE,FALSE,null
120363183805754739@g.us,XLSMART-MS Huawei Reg SUMAPA,76,12,member,FALSE,FALSE,151608184823875@lid
628882051418-1519895348@g.us,XLSMART-MS Huawei Reg WJ,79,10,member,FALSE,FALSE,121345794920675@lid
120363404096284850@g.us,GRV 2.0 (Golden Route VIP),79,7,member,FALSE,TRUE,161233223323880@lid
62817844808-1606798376@g.us,West Battery Stolen Alert,81,19,member,FALSE,FALSE,122827541872814@lid
62817886091-1420286914@g.us,J6-Greater Bogor -XL&HS,81,16,member,FALSE,FALSE,null
120363334421144634@g.us,High Utilization Alert,82,12,member,FALSE,FALSE,224270542233777@lid
120363424300943570@g.us,SL Monitoring MSXLS,85,1,member,FALSE,FALSE,213567383060731@lid
6287885783337-1490760763@g.us,PERFORMANCE,86,12,member,FALSE,FALSE,null
120363297880606112@g.us,META Operation Service IMIP-XL,86,12,member,FALSE,FALSE,246179103244479@lid
62817712519-1602041734@g.us,Core CS/PS WA Alerts,88,14,member,FALSE,FALSE,182630632943740@lid
120363405229855629@g.us,TSS,88,1,member,FALSE,FALSE,187050691162165@lid
6287880247352-1470703445@g.us,NOC OPERATIONS#JUST DO IT,91,7,member,FALSE,FALSE,null
120363374410836862@g.us,XLSMART Incident Management,97,10,member,FALSE,FALSE,248335126499555@lid
120363163983663301@g.us,XLSMART-MS Huawei Reg EJ,103,22,member,FALSE,FALSE,151608184823875@lid
120363022225803079@g.us,PMT/CMT Data Assurance,104,19,member,FALSE,FALSE,null
120363393703791891@g.us,LEBARAN ASSURANCE 2025,104,20,member,FALSE,FALSE,161233223323880@lid
120363419212002320@g.us,XLSMART-MS Huawei Reg Kalimantan,105,12,member,FALSE,FALSE,107649127465024@lid
120363178944330286@g.us,XLSMART-MS Huawei Reg CJ,108,13,member,FALSE,FALSE,151608184823875@lid
62818232500-1541403686@g.us,C-Network Sales West Java 1,110,29,member,FALSE,TRUE,null
120363423375924445@g.us,VIP Alert Monitor,123,1,member,FALSE,FALSE,173443664326721@lid
6287777110888-1595469028@g.us,🚨JABO P1 Handling,134,19,member,FALSE,FALSE,112090106855626@lid
120363424738892287@g.us,CSR Auto Alert,136,1,member,FALSE,FALSE,174955610247394@lid
120363404339022963@g.us,Delivery Material Lists OWS 30cw,140,14,member,FALSE,FALSE,137765421330509@lid
6287822185375-1486372039@g.us,SF - Balitower Escalation,149,22,member,FALSE,FALSE,null
120363401058411207@g.us,XLSMART-MS Huawei Reg Jabo,151,17,member,FALSE,FALSE,113090834215069@lid
120363424733195713@g.us,DWDM Auto Alert,169,1,member,FALSE,FALSE,174955610247394@lid
6287885444555-1507784291@g.us,XL - Network,230,34,member,FALSE,FALSE,201455457824925@lid
6281215887370-1349318410@g.us,XL MS Ops (internal),241,24,member,FALSE,FALSE,null
62818122297-1584930188@g.us,Incident E2E,284,28,member,FALSE,TRUE,115796697210919@lid
628170710011-1441635545@g.us,NOC FO-BO,294,30,member,FALSE,TRUE,142043242356737@lid
120363161339568204@g.us,NOC and Region,730,2,member,FALSE,FALSE,151608184823875@lid
